EmployeeID,FirstName,LastName,Gender,DOB,Age,SSN
E00001,Silje,Berge,F,1961-03-02,64,14124015341
E00002,Elise,Svendsen,F,1966-06-10,59,09104637660
E00003,Andreas,Ahmed,M,1965-11-03,60,13118732825
E00004,Anna,Myhre,F,1972-12-30,53,31034314759
E00005,Randi,Hansen,F,1959-11-28,66,29053944645
E00006,Julie,Hansen,F,1970-01-17,55,01038806196
E00007,Kirsten,Bakken,F,1983-11-23,42,16087602706
E00008,May,Berg,F,1985-03-23,40,30050090996
E00009,Kjetil,Nguyen,M,1972-07-20,53,09044402251
E00010,Wenche,Haugen,F,1964-11-23,61,06088624457
E00011,Liv,Pettersen,F,1984-04-16,41,21119222394
E00012,Sofie,Halvorsen,F,2007-03-23,18,27024634286
E00013,Else,Kristoffersen,F,1985-04-15,40,07048343443
E00014,Wenche,Vik,F,1963-04-10,62,07128620634
E00015,Hilde,Andresen,F,1973-10-28,52,06085625770
E00016,Eli,Hagen,F,1968-12-19,57,10058547919
E00017,Magnus,Nielsen,M,1986-08-24,39,03017508880
E00018,Marie,Aune,F,1962-09-03,63,24089740211
E00019,Thomas,Karlsen,M,2000-01-19,25,13100174957
E00020,Morten,Mathisen,M,1976-07-28,49,06115743048
E00021,Stine,Mikkelsen,F,1977-08-15,48,12073807504
E00022,Line,Christensen,F,1990-05-05,35,11030782382
E00023,Ole,Bakke,M,2002-01-06,23,15098009415
E00024,Vidar,Christensen,M,1996-03-03,29,17083738421
E00025,Ola,Abrahamsen,M,1967-01-29,58,01127415907
E00026,Bjørg,Arnesen,F,1992-07-15,33,10040158605
E00027,Mona,Dahl,F,1977-07-03,48,22026013937
E00028,Vegard,Strøm,M,2006-05-30,19,08068925534
E00029,Linn,Martinsen,F,1990-03-10,35,16089621066
E00030,Randi,Moe,F,1975-02-15,50,09095400067
E00031,Tommy,Pedersen,M,1963-06-22,62,11128602404
E00032,Berit,Madsen,F,1975-08-30,50,01078208909
E00033,Rune,Larsen,M,1976-01-01,49,02023726370
E00034,Egil,Bakken,M,2004-04-23,21,23106843112
E00035,Asbjørn,Johansen,M,1982-07-22,43,29083515285
E00036,Gerd,Mikkelsen,F,1989-12-29,36,27119411594
E00037,Morten,Gulbrandsen,M,1964-08-05,61,23096703899
E00038,Anette,Aune,F,1975-07-21,50,24079231734
E00039,Harald,Johansen,M,1963-06-16,62,17099200707
E00040,Helene,Ødegård,F,1990-06-06,35,21118144977
E00041,Svein,Sæther,M,1992-08-01,33,05089318280
E00042,Asbjørn,Nielsen,M,1996-05-12,29,05010253189
E00043,Ragnhild,Lien,F,1993-09-07,32,01115905216
E00044,Bente,Næss,F,1964-02-03,61,27114625065
E00045,Nina,Gulbrandsen,F,1998-11-11,27,22025426820
E00046,Nina,Martinsen,F,1980-12-29,45,02028442443
E00047,Håkon,Hagen,M,1986-05-26,39,28099529522
E00048,Unni,Antonsen,F,1960-02-06,65,14056604821
E00049,Gro,Lund,F,1977-07-06,48,07089504397
E00050,Karoline,Hanssen,F,1970-03-14,55,03036800932
E00051,John,Ruud,M,1966-07-07,59,08069507140
E00052,Trond,Moe,M,1970-01-16,55,18018338307
E00053,Tom,Holm,M,1973-04-27,52,21104532702
E00054,Ivar,Andersen,M,1965-09-30,60,30075017126
E00055,Andrea,Henriksen,F,1968-05-14,57,29045010714
E00056,Roger,Sørensen,M,1988-07-27,37,28025707070
E00057,Thor,Brekke,M,1996-08-04,29,01040487901
E00058,Eli,Knudsen,F,1968-02-20,57,24090373168
E00059,Kjell,Ellingsen,M,2005-11-17,20,04028522830
E00060,Laila,Paulsen,F,1969-12-25,56,30038611638
E00061,Anna,Danielsen,F,1982-01-26,43,16043742381
E00062,Hilde,Christensen,F,2007-03-10,18,13109702794
E00063,Gunn,Eliassen,F,1990-10-15,35,11027614320
E00064,Anders,Ruud,M,1972-08-10,53,26097117127
E00065,Øystein,Hansen,M,1983-05-12,42,06124921196
E00066,Eirik,Hagen,M,1971-08-14,54,25055502105
E00067,Reidun,Knudsen,F,1982-12-28,43,14024232132
E00068,Kristian,Nguyen,M,1972-05-26,53,18088445607
E00069,Andrea,Martinsen,F,1996-02-09,29,11114523633
E00070,Bente,Sandvik,F,1981-12-08,44,30075142168
E00071,Torill,Hauge,F,1993-12-22,32,26097920744
E00072,Tobias,Haugen,M,1997-03-11,28,24019626691
E00073,Terje,Tangen,M,1971-04-23,54,05045200533
E00074,Johannes,Ellingsen,M,1988-09-19,37,27123629715
E00075,Linn,Simonsen,F,1974-01-03,51,15086147359
E00076,Siv,Arnesen,F,1978-10-11,47,28036105315
E00077,Terje,Haugland,M,1974-10-02,51,13088901058
E00078,Hege,Larsen,F,2001-01-23,24,16073829678
E00079,Steinar,Nguyen,M,1972-09-11,53,14014315366
E00080,Stig,Solberg,M,1959-11-04,66,10024029099
E00081,Rolf,Gulbrandsen,M,1967-09-22,58,13076629875
E00082,Monica,Næss,F,1981-01-21,44,22093939909
E00083,Magnus,Moe,M,1989-10-23,36,15039328507
E00084,Unni,Gulbrandsen,F,2002-11-10,23,09088240313
E00085,Ida,Knutsen,F,1964-09-26,61,20064315502
E00086,Karl,Haug,M,1996-03-22,29,02040059213
E00087,Kristian,Solberg,M,1969-11-11,56,09024404606
E00088,Leif,Henriksen,M,1996-05-22,29,06096503308
E00089,Magne,Jenssen,M,1999-03-19,26,31014524692
E00090,Andrea,Iversen,F,1979-10-15,46,20113947900
E00091,Rita,Eriksen,F,1992-09-09,33,18108727744
E00092,Anders,Jenssen,M,1982-05-04,43,23064746375
E00093,Malin,Berntsen,F,2001-10-23,24,25075925827
E00094,Nina,Ruud,F,1961-04-23,64,14129908778
E00095,Eva,Andersen,F,1977-03-03,48,21067313787
E00096,Jenny,Holm,F,1985-04-07,40,09078214195
E00097,Åse,Rønning,F,1962-03-16,63,26103901870
E00098,Espen,Fredriksen,M,1968-01-21,57,30126436277
E00099,Malin,Solheim,F,1976-11-25,49,06093810978
E00100,Simen,Tangen,M,1967-04-05,58,14093719000
E00101,Sander,Ahmed,M,1980-09-10,45,29105504908
E00102,Thor,Pedersen,M,1975-12-29,50,04059843953
E00103,Eivind,Myklebust,M,1962-04-05,63,01057642579
E00104,Bente,Lund,F,2003-07-13,22,13117626673
E00105,Cathrine,Knudsen,F,1984-02-11,41,18065045326
E00106,Marius,Danielsen,M,1994-12-21,31,15024939933
E00107,Øyvind,Lien,M,1991-02-06,34,28056805593
E00108,Lise,Gulbrandsen,F,1991-02-02,34,11055621189
E00109,Olav,Helland,M,1971-11-03,54,28096322447
E00110,Kenneth,Hansen,M,2000-01-13,25,29074435147
E00111,Marte,Eide,F,1965-04-16,60,30108531963
E00112,Vidar,Fredriksen,M,2006-06-18,19,08106428124
E00113,Britt,Haugen,F,1974-07-18,51,15037119854
E00114,Knut,Larsen,M,1997-02-16,28,07115927943
E00115,Jorunn,Iversen,F,2007-04-18,18,10106619560
E00116,Hanna,Berg,F,1972-07-27,53,05037947808
E00117,Vidar,Solberg,M,1972-01-24,53,19049047641
E00118,Ida,Strand,F,1999-08-03,26,13043906377
E00119,Inger,Evensen,F,1984-01-09,41,21059100944
E00120,Emil,Hansen,M,1962-07-25,63,04080294358
E00121,Silje,Thomassen,F,1992-11-13,33,12049836455
E00122,Maren,Lien,F,1989-06-09,36,30117603454
E00123,Odd,Berge,M,1963-11-30,62,14077104926
E00124,Steinar,Sivertsen,M,1963-02-11,62,14119336407
E00125,Bjørg,Gulbrandsen,F,1967-07-12,58,01065738917
E00126,Sara,Eriksen,F,1995-01-10,30,10057328555
E00127,Sebastian,Karlsen,M,1980-03-31,45,20065639026
E00128,Vidar,Ellingsen,M,2002-01-12,23,20078810360
E00129,Emma,Moe,F,1964-07-28,61,09069326622
E00130,Synnøve,Næss,F,1991-06-11,34,09058114437
E00131,Tone,Hanssen,F,2007-04-21,18,01106643241
E00132,Helene,Ødegård,F,2001-12-31,24,27075427064
E00133,Mette,Eriksen,F,2003-07-16,22,11029409198
E00134,Asbjørn,Dahl,M,1980-05-25,45,05025428120
E00135,Malin,Solberg,F,1980-02-28,45,15094417942
E00136,Mette,Lunde,F,1989-04-03,36,07040077485
E00137,Rita,Gundersen,F,1961-03-23,64,16049943842
E00138,Sebastian,Abrahamsen,M,2005-03-19,20,21048348286
E00139,Maren,Martinsen,F,2003-10-20,22,23106727783
E00140,Daniel,Larsen,M,1983-02-22,42,06117020167
E00141,Finn,Henriksen,M,1987-06-24,38,01044502794
E00142,Britt,Haug,F,1976-08-22,49,24067825833
E00143,Andrea,Ruud,F,1996-05-22,29,13016603362
E00144,Petter,Jacobsen,M,2001-11-01,24,14083940728
E00145,Vidar,Andersen,M,1973-04-26,52,11078318610
E00146,Tobias,Lie,M,1967-09-24,58,22110495246
E00147,Jonas,Moe,M,1960-05-24,65,08125705309
E00148,Eirik,Kristoffersen,M,1967-06-17,58,16054926670
E00149,Maren,Gulbrandsen,F,1990-07-20,35,10015824269
E00150,Reidun,Madsen,F,1968-10-02,57,21030176569
E00151,Mari,Halvorsen,F,1959-08-22,66,08028237945
E00152,Siv,Lie,F,1969-07-30,56,03066735957
E00153,Kåre,Kristiansen,M,1981-05-12,44,23079014613
E00154,Ann,Haug,F,1991-08-26,34,19034431194
E00155,Elisabeth,Lund,F,1999-08-18,26,12097728052
E00156,Martine,Kristiansen,F,1960-07-05,65,01094226224
E00157,Berit,Larsen,F,1977-07-02,48,09027741123
E00158,Jorunn,Simonsen,F,1995-10-12,30,22057340758
E00159,Mette,Ali,F,2001-06-26,24,05050190465
E00160,Hanna,Tangen,F,1965-08-13,60,19076848044
E00161,Linn,Dahl,F,2006-09-10,19,13088002479
E00162,Aud,Haugen,F,1983-11-10,42,08117309313
E00163,Pål,Johnsen,M,1997-12-23,28,25044610240
E00164,Bjørg,Olsen,F,1985-07-01,40,20115131843
E00165,Eli,Evensen,F,1990-11-05,35,03045029548
E00166,Sverre,Aas,M,1991-02-15,34,04098104610
E00167,Kim,Nilsen,M,1979-10-28,46,28025044543
E00168,Liv,Hauge,F,1973-01-08,52,20127206385
E00169,Kirsten,Nguyen,F,1983-11-22,42,30115544574
E00170,Alf,Ruud,M,1986-05-26,39,09118236049
E00171,Rita,Tangen,F,1993-04-08,32,21108138421
E00172,Helge,Pettersen,M,1972-05-27,53,12105140191
E00173,Steinar,Rasmussen,M,1962-02-23,63,07107902907
E00174,Kari,Strøm,F,1968-05-29,57,25059911360
E00175,Elisabeth,Ødegård,F,1996-03-04,29,29087410542
E00176,Marianne,Haugen,F,1982-07-07,43,24029704313
E00177,Vegard,Eriksen,M,2005-06-28,20,05074235540
E00178,Daniel,Johannessen,M,1960-05-30,65,04108329411
E00179,Terje,Tangen,M,2005-03-21,20,18128340536
E00180,Einar,Simonsen,M,1975-05-18,50,08036539861
E00181,Jørgen,Olsen,M,1974-07-13,51,18054940641
E00182,Thea,Hauge,F,2003-08-24,22,07117008023
E00183,Anne,Hauge,F,1992-12-27,33,23019715817
E00184,Elise,Jenssen,F,1990-05-03,35,13037437349
E00185,Magne,Rønning,M,1966-03-16,59,01086317113
E00186,Thor,Jakobsen,M,1974-04-02,51,15096715517
E00187,Camilla,Sivertsen,F,1984-06-18,41,20085817354
E00188,Elin,Kristiansen,F,1965-09-14,60,09014841846
E00189,Anita,Andersen,F,1982-02-28,43,18088536297
E00190,Bente,Thorsen,F,1997-03-06,28,23118814479
E00191,Øyvind,Birkeland,M,2000-01-09,25,25030784572
E00192,Emma,Berge,F,2004-06-13,21,03030565893
E00193,Jørgen,Abrahamsen,M,1971-04-28,54,04098308674
E00194,Martine,Berge,F,1963-10-16,62,03106423929
E00195,Sebastian,Bakke,M,1990-03-23,35,13046239037
E00196,Tore,Ødegård,M,2004-04-21,21,13096029173
E00197,Aud,Lien,F,1986-10-18,39,28036931681
E00198,Berit,Arnesen,F,1981-05-21,44,28115217854
E00199,Stein,Nielsen,M,1996-10-12,29,05084324967
E00200,Martine,Haugen,F,1990-05-05,35,16026206190
E00201,Sissel,Rønning,F,1996-12-25,29,24104227690
E00202,Hanna,Johnsen,F,1982-07-13,43,18106626126
E00203,Janne,Karlsen,F,1980-09-24,45,24104723310
E00204,Stine,Larsen,F,1964-01-13,61,19049905648
E00205,Camilla,Tangen,F,1984-10-28,41,23109535435
E00206,Sverre,Berg,M,1987-06-03,38,05107546180
E00207,Johannes,Næss,M,1980-09-22,45,08127536881
E00208,Harald,Brekke,M,2004-02-27,21,22036435422
E00209,Cecilie,Thorsen,F,1978-06-03,47,23125527884
E00210,Øystein,Paulsen,M,2001-03-21,24,05124638498
E00211,Anna,Edvardsen,F,1978-01-23,47,09064421554
E00212,Andrea,Edvardsen,F,1969-03-19,56,03095604349
E00213,Tor,Pettersen,M,1961-07-20,64,02049924693
E00214,Liv,Holm,F,1970-03-06,55,14047446547
E00215,Øyvind,Myklebust,M,2000-01-15,25,11119909211
E00216,Vegard,Paulsen,M,1962-11-07,63,07014742640
E00217,Ola,Nygård,M,1989-07-19,36,29047007524
E00218,Marius,Berge,M,1978-09-28,47,21084602393
E00219,Kristoffer,Næss,M,1963-03-12,62,17100669226
E00220,Øystein,Bøe,M,1976-11-07,49,07078131750
E00221,Emma,Berntsen,F,1985-05-04,40,14095942432
E00222,Berit,Johannessen,F,1962-05-06,63,06056829006
E00223,Jon,Nguyen,M,1988-09-04,37,15015618180
E00224,Kristin,Abrahamsen,F,1981-07-26,44,24019244551
E00225,Britt,Knudsen,F,1966-09-02,59,27088537799
E00226,Martine,Arnesen,F,1986-05-25,39,24087914573
E00227,Øyvind,Dahl,M,1964-08-30,61,07096133876
E00228,Gerd,Vik,F,1983-03-29,42,26127515017
E00229,Eli,Gundersen,F,1972-11-21,53,01129148027
E00230,Fredrik,Tveit,M,2002-03-13,23,25026348962
E00231,Vilde,Nielsen,F,1990-01-05,35,17054640579
E00232,Ellen,Knutsen,F,1964-02-11,61,31056540531
E00233,Ida,Nilsen,F,1963-04-16,62,28117519602
E00234,Lise,Ali,F,1963-05-04,62,27057439942
E00235,Mari,Jenssen,F,1990-12-14,35,02065528870
E00236,Sissel,Eide,F,1981-05-06,44,16035332301
E00237,Aud,Kristensen,F,1966-07-05,59,02097632262
E00238,Arild,Gulbrandsen,M,1989-04-03,36,23016823481
E00239,Ingeborg,Jenssen,F,1987-04-14,38,01013843917
E00240,Astrid,Pedersen,F,2003-07-07,22,17067718429
E00241,Torill,Ruud,F,2000-06-24,25,28129305985
E00242,Siv,Birkeland,F,1983-04-09,42,26087908924
E00243,Tommy,Arnesen,M,1980-07-13,45,04055741595
E00244,Emil,Sandvik,M,2007-04-17,18,15034141662
E00245,Per,Jacobsen,M,1960-09-15,65,14127411388
E00246,Julie,Tveit,F,1992-07-22,33,04049008266
E00247,Christian,Haugen,M,1966-05-07,59,08126139250
E00248,Reidun,Jensen,F,1969-12-17,56,04129244890
E00249,Frank,Strand,M,1989-04-01,36,25070373389
E00250,Markus,Olsen,M,1978-11-08,47,25123914921
E00251,Hanne,Haugland,F,1991-05-20,34,28019043934
E00252,Markus,Kristoffersen,M,1978-08-22,47,03093732986
E00253,Magne,Christensen,M,1973-01-20,52,07083516059
E00254,Stian,Lien,M,1984-09-22,41,24095745861
E00255,Elin,Hanssen,F,1965-03-04,60,08013917672
E00256,Marit,Birkeland,F,1989-03-27,36,03049928482
E00257,Anders,Jørgensen,M,1963-02-02,62,30117115786
E00258,Bjørg,Jakobsen,F,1974-09-29,51,14120456580
E00259,Eli,Bøe,F,1962-01-27,63,29098144356
E00260,Vilde,Sørensen,F,1991-05-22,34,28036705088
E00261,Ivar,Engen,M,1969-08-22,56,31035807503
E00262,Hanne,Hauge,F,1967-10-04,58,14030379099
E00263,Eirik,Lunde,M,2000-01-28,25,23055940827
E00264,Nora,Fredriksen,F,1969-03-27,56,08058100928
E00265,Karin,Fredriksen,F,1998-04-19,27,09027042071
E00266,Pål,Jacobsen,M,1964-01-27,61,15046024629
E00267,Arild,Pettersen,M,1985-10-16,40,28127347133
E00268,Karin,Ødegård,F,1964-01-24,61,19077637446
E00269,Erik,Amundsen,M,1983-06-10,42,01075841317
E00270,Øyvind,Sivertsen,M,1991-01-31,34,04024540338
E00271,Elise,Andresen,F,1990-08-11,35,01030462161
E00272,Gunnar,Amundsen,M,1980-12-10,45,31087934724
E00273,Heidi,Ali,F,2003-06-27,22,03059022139
E00274,Sissel,Henriksen,F,1978-01-21,47,25049627737
E00275,Trond,Knutsen,M,1985-10-11,40,24017731641
E00276,Karoline,Martinsen,F,1977-08-13,48,10083505643
E00277,Rita,Edvardsen,F,1996-08-01,29,15028106197
E00278,Jenny,Ruud,F,1979-08-02,46,26127938759
E00279,Frank,Solberg,M,1989-09-03,36,11127502546
E00280,Sindre,Knudsen,M,1978-02-24,47,10025023841
E00281,Turid,Simonsen,F,1970-05-09,55,08090488628
E00282,Andreas,Berntsen,M,1964-01-16,61,23048623719
E00283,Nina,Ali,F,2000-08-22,25,19099323526
E00284,Markus,Thorsen,M,1964-09-11,61,29125533416
E00285,Kristoffer,Haug,M,2003-09-01,22,24068207084
E00286,Tor,Edvardsen,M,1993-06-04,32,12016135176
E00287,Helene,Vik,F,1977-03-06,48,27044418725
E00288,Grete,Berg,F,1968-09-13,57,02110061725
E00289,Daniel,Sivertsen,M,1981-03-19,44,27074745194
E00290,Roger,Moen,M,1979-03-23,46,28078045290
E00291,Kari,Madsen,F,1974-09-22,51,05089608270
E00292,Marie,Ahmed,F,1984-01-10,41,11105729989
E00293,Emil,Olsen,M,1965-05-01,60,01080175783
E00294,Martine,Johnsen,F,1987-04-30,38,27115508437
E00295,Stian,Antonsen,M,1990-02-01,35,09096508988
E00296,Silje,Nilsen,F,1971-11-06,54,08083827816
E00297,Asbjørn,Berg,M,1994-09-21,31,02109310339
E00298,Jørgen,Sørensen,M,1974-10-23,51,09067605567
E00299,Grete,Pettersen,F,1996-12-13,29,10118240451
E00300,Ruth,Mikkelsen,F,1965-10-28,60,24056237883
E00301,Ellen,Dahl,F,2004-04-16,21,17065136139
E00302,Anna,Arnesen,F,1962-07-23,63,07124941312
E00303,Wenche,Nguyen,F,1987-10-25,38,11015231884
E00304,Johan,Rasmussen,M,1980-01-09,45,26026419637
E00305,Berit,Solberg,F,1963-07-18,62,20049326743
E00306,Morten,Ellingsen,M,1982-08-13,43,20015320495
E00307,Tove,Isaksen,F,1986-08-07,39,02109515771
E00308,Elin,Halvorsen,F,1990-01-22,35,29038506097
E00309,Johan,Jenssen,M,2001-05-05,24,20126936452
E00310,Geir,Thorsen,M,1970-04-23,55,12106231557
E00311,Marie,Abrahamsen,F,1965-08-05,60,15037215349
E00312,Sander,Iversen,M,1962-10-11,63,12120281915
E00313,Sissel,Simonsen,F,1991-06-28,34,05118106689
E00314,Elise,Hagen,F,1984-05-10,41,14123823150
E00315,Kristin,Andersen,F,1998-04-10,27,29015723880
E00316,Johannes,Antonsen,M,1985-10-03,40,30036248927
E00317,Joakim,Paulsen,M,2005-10-07,20,30085225452
E00318,Julie,Myhre,F,1984-05-06,41,02103932664
E00319,Mari,Amundsen,F,1962-07-20,63,28120380895
E00320,Liv,Brekke,F,2000-09-20,25,26036120214
E00321,Kristine,Olsen,F,1979-10-30,46,20035432974
E00322,Roar,Lie,M,1997-10-09,28,02088001594
E00323,Jorunn,Simonsen,F,1966-12-04,59,10027046113
E00324,Reidun,Larsen,F,1977-07-14,48,31084846026
E00325,Sander,Lien,M,1971-01-26,54,13066002947
E00326,Tobias,Berge,M,1972-06-12,53,13100570747
E00327,Ellen,Johnsen,F,2006-06-15,19,10038932972
E00328,Nils,Svendsen,M,1963-09-15,62,01034433212
E00329,Monica,Helland,F,2004-07-12,21,25076420389
E00330,Liv,Mikkelsen,F,1982-10-05,43,22065843580
E00331,Sindre,Lien,M,1972-07-19,53,14058535568
E00332,Gunn,Hauge,F,1979-02-18,46,29034420651
E00333,Kim,Myhre,M,1978-01-27,47,30088136868
E00334,Kirsten,Johannessen,F,1982-12-14,43,16023818004
E00335,Ingeborg,Sæther,F,1964-11-04,61,29057641558
E00336,Trond,Lien,M,1974-01-10,51,09058935546
E00337,Erik,Bakke,M,2001-05-12,24,05014142829
E00338,Helge,Pettersen,M,1975-04-24,50,09100276418
E00339,Tonje,Larsen,F,1966-04-23,59,15054600892
E00340,Else,Johnsen,F,2003-11-23,22,21106441321
E00341,Unni,Hanssen,F,1981-04-27,44,16118114802
E00342,Trine,Strand,F,1962-01-02,63,11109111122
E00343,Kristoffer,Ødegård,M,1993-03-05,32,07109002148
E00344,John,Myklebust,M,2000-06-26,25,08119718784
E00345,Stian,Moen,M,1995-02-23,30,04036332633
E00346,Hilde,Eide,F,1967-02-17,58,25107746679
E00347,Stian,Gundersen,M,1972-02-20,53,21030668925
E00348,Terje,Thomassen,M,1972-08-11,53,27099127932
E00349,Jørgen,Aune,M,1986-09-28,39,10064711240
E00350,Odd,Helland,M,1976-05-06,49,14110674385
E00351,Lise,Thomassen,F,1977-08-20,48,28117737901
E00352,Anette,Hagen,F,2003-12-13,22,24037503017
E00353,Morten,Haugland,M,1970-05-02,55,10027144123
E00354,Silje,Haugen,F,1984-06-23,41,04055214226
E00355,Odd,Brekke,M,1990-06-05,35,26054026926
E00356,Maren,Thomassen,F,1996-01-17,29,14073548293
E00357,Stine,Thomassen,F,2000-01-05,25,04113633625
E00358,Pål,Sørensen,M,1984-02-01,41,22060053808
E00359,Ole,Eliassen,M,1998-06-09,27,03055910463
E00360,Petter,Knutsen,M,1967-05-18,58,14064645871
E00361,Ola,Aune,M,1994-03-13,31,08076729205
E00362,Marit,Jørgensen,F,1990-07-20,35,21115635627
E00363,Terje,Haugland,M,1960-12-12,65,17127100314
E00364,Ragnhild,Antonsen,F,1962-07-19,63,21066944112
E00365,Robert,Andreassen,M,1964-02-29,61,17026518660
E00366,Eva,Tveit,F,1968-09-06,57,11103823759
E00367,Martin,Jensen,M,1985-01-10,40,13040091402
E00368,Elin,Danielsen,F,1996-01-10,29,21037246236
E00369,Andrea,Thomassen,F,1961-01-05,64,18098043965
E00370,Magnus,Mikkelsen,M,1985-04-10,40,17118629442
E00371,Espen,Hansen,M,1972-04-16,53,09064202623
E00372,Ruth,Tveit,F,1960-07-12,65,21118504051
E00373,Sigurd,Ali,M,1989-11-05,36,07115315026
E00374,Lars,Knutsen,M,1975-05-31,50,22015948004
E00375,Elise,Lund,F,1979-02-24,46,22068636950
E00376,Øystein,Simonsen,M,1981-04-15,44,25038609966
E00377,Helge,Johnsen,M,1979-11-30,46,18108235892
E00378,Tor,Danielsen,M,2002-01-24,23,03084603537
E00379,Stian,Sandvik,M,1985-05-27,40,25123626357
E00380,John,Jensen,M,1971-12-24,54,20103915326
E00381,John,Sørensen,M,1969-04-15,56,10126535614
E00382,Lene,Myhre,F,1995-07-14,30,15069513589
E00383,Siri,Arnesen,F,1990-01-27,35,11037434223
E00384,Arne,Halvorsen,M,1985-02-17,40,17014704248
E00385,Vidar,Nilsen,M,2005-02-26,20,06055721457
E00386,Anette,Engen,F,1972-05-25,53,17124015863
E00387,Tommy,Ellingsen,M,1986-06-16,39,04018618740
E00388,Morten,Mikkelsen,M,2003-08-12,22,02047516520
E00389,Marit,Lunde,F,1991-03-06,34,20089848572
E00390,Hans,Jakobsen,M,1980-10-04,45,07057036294
E00391,Tor,Birkeland,M,1960-07-27,65,01028418368
E00392,Grete,Henriksen,F,1975-02-13,50,28057331846
E00393,Stig,Sivertsen,M,1982-06-09,43,24058429305
E00394,Tore,Iversen,M,1970-12-26,55,04129411959
E00395,Stian,Andreassen,M,1995-02-13,30,12060492059
E00396,Vidar,Aasen,M,1987-07-13,38,23029504261
E00397,Alexander,Engen,M,1993-11-18,32,28076603954
E00398,Silje,Sandvik,F,2001-06-02,24,18026401123
E00399,Roar,Moe,M,1987-06-16,38,02060683436
E00400,May,Hanssen,F,1960-08-19,65,05066211136
E00401,Camilla,Mathisen,F,1969-08-06,56,11118516488
E00402,Jens,Johannessen,M,1964-11-04,61,05017441134
E00403,Daniel,Johansen,M,1985-04-10,40,23087303187
E00404,Thea,Dahl,F,1965-02-03,60,21086241533
E00405,Nina,Bakken,F,1995-05-29,30,31080363845
E00406,Nils,Halvorsen,M,1962-08-20,63,23100092174
E00407,Emma,Haug,F,1960-07-13,65,23118848640
E00408,Berit,Hauge,F,1970-07-09,55,20115636643
E00409,Solveig,Moen,F,1982-01-15,43,17017344048
E00410,Mari,Tangen,F,1983-01-01,42,31080277213
E00411,Berit,Holm,F,2000-08-24,25,29063820162
E00412,Silje,Halvorsen,F,1990-02-15,35,20066322808
E00413,Kåre,Knudsen,M,1972-02-08,53,03074605981
E00414,Inger,Gulbrandsen,F,1964-06-20,61,14020059797
E00415,Tom,Ødegård,M,2002-08-08,23,22089320597
E00416,Einar,Aune,M,1959-10-27,66,29107923584
E00417,Cathrine,Berntsen,F,1965-05-28,60,02099035946
E00418,Leif,Bakke,M,1961-04-02,64,11069935119
E00419,Sigurd,Næss,M,1981-07-17,44,02127218628
E00420,Kristian,Vik,M,1965-03-25,60,15064210286
E00421,Hilde,Hauge,F,1977-09-24,48,30036327452
E00422,Lene,Hauge,F,1992-06-01,33,07043723450
E00423,Hege,Strand,F,2001-12-31,24,01016329076
E00424,Elise,Hauge,F,1959-12-05,66,25127139728
E00425,Karl,Knutsen,M,1982-03-30,43,06116819455
E00426,Rita,Solberg,F,1973-02-18,52,04076411714
E00427,Janne,Haugen,F,2006-10-04,19,14095036342
E00428,Jørgen,Jensen,M,1978-07-16,47,23123623150
E00429,Nina,Eliassen,F,1999-10-07,26,13075843881
E00430,Anna,Strøm,F,1990-11-17,35,07124328440
E00431,Synnøve,Andresen,F,1987-04-23,38,08024708560
E00432,Håkon,Gundersen,M,2004-04-15,21,27089324160
E00433,Lise,Næss,F,1992-01-29,33,01045534983
E00434,Thor,Jørgensen,M,1996-06-17,29,08030494971
E00435,Sigurd,Pettersen,M,1965-04-01,60,02099742464
E00436,Frank,Rasmussen,M,2001-02-27,24,05070377197
E00437,Alexander,Bakken,M,1977-01-26,48,26078728441
E00438,Kristoffer,Kristoffersen,M,2005-09-16,20,05095422057
E00439,Marianne,Bakke,F,1979-07-28,46,01037007257
E00440,Kim,Haugland,M,1982-10-23,43,19086633658
E00441,Kim,Larsen,M,1966-02-09,59,04036819176
E00442,Tommy,Berge,M,1961-01-01,64,14097647241
E00443,Marte,Danielsen,F,1997-01-08,28,11029335739
E00444,Morten,Evensen,M,1987-01-11,38,26125025039
E00445,Tor,Olsen,M,1972-11-22,53,24026745345
E00446,Grethe,Hansen,F,2007-05-11,18,26013636078
E00447,Roar,Edvardsen,M,1984-05-10,41,28037829074
E00448,Jan,Sandvik,M,1992-10-10,33,20026039755
E00449,Randi,Berge,F,1983-02-21,42,27117539356
E00450,Terje,Sørensen,M,1979-09-16,46,09055243244
E00451,Janne,Berg,F,1975-09-13,50,01028011497
E00452,Thor,Birkeland,M,1994-03-24,31,18087236710
E00453,Magnus,Edvardsen,M,1992-08-01,33,20065035260
E00454,Ola,Hanssen,M,1969-01-05,56,12099028910
E00455,Astrid,Iversen,F,1960-02-13,65,03016435863
E00456,Sissel,Lunde,F,1987-04-23,38,20014626795
E00457,Maria,Dahl,F,1965-02-02,60,04105618048
E00458,Ida,Eriksen,F,1996-01-19,29,01088129888
E00459,Trond,Tveit,M,1993-03-04,32,01035836019
E00460,Hilde,Vik,F,1996-06-03,29,27077448697
E00461,Mette,Engen,F,1988-05-25,37,18049819087
E00462,Lise,Hagen,F,1983-03-09,42,05099907349
E00463,Hans,Svendsen,M,1999-06-22,26,28084545939
E00464,Steinar,Karlsen,M,1970-10-05,55,15035203823
E00465,Kim,Mikkelsen,M,1978-08-05,47,08125320474
E00466,Johan,Nguyen,M,1977-08-28,48,01056108609
E00467,Asbjørn,Hansen,M,2004-02-06,21,06029615266
E00468,Tonje,Helland,F,1976-04-24,49,03033931327
E00469,Nora,Pedersen,F,1977-10-02,48,27025124761
E00470,Christian,Pettersen,M,1965-10-19,60,05057144531
E00471,Mathias,Lie,M,1981-09-26,44,10045546050
E00472,Tove,Kristiansen,F,2002-09-01,23,25114704965
E00473,Kristoffer,Engen,M,1988-09-13,37,23068817528
E00474,Johannes,Holm,M,1996-09-16,29,20085536614
E00475,Julie,Sivertsen,F,1962-10-05,63,12050390622
E00476,Alf,Berg,M,1970-03-20,55,22116700720
E00477,Gunnar,Solberg,M,1968-06-10,57,02034905501
E00478,Ivar,Arnesen,M,1984-10-08,41,13114703618
E00479,Steinar,Haugland,M,2007-01-23,18,23093927036
E00480,Tone,Bakken,F,1959-07-17,66,02058804366
E00481,Sebastian,Eriksen,M,1994-10-24,31,24064600148
E00482,Thea,Holm,F,1967-09-03,58,05086930031
E00483,Henrik,Jenssen,M,1965-07-18,60,03124106426
E00484,Knut,Hauge,M,1968-10-18,57,22027341229
E00485,Bjørn,Mathisen,M,1997-10-18,28,21090678423
E00486,Torill,Engen,F,2002-03-17,23,08054026871
E00487,Thomas,Knutsen,M,1974-04-01,51,15099908022
E00488,Sebastian,Strøm,M,1985-08-07,40,11127515575
E00489,Stian,Arnesen,M,1976-05-09,49,01115742511
E00490,Grethe,Martinsen,F,2000-10-07,25,08106147656
E00491,Johan,Rasmussen,M,1963-03-07,62,01033707270
E00492,Marie,Pettersen,F,1999-11-19,26,10020173411
E00493,Elisabeth,Jenssen,F,1998-02-22,27,22096934320
E00494,Vidar,Larsen,M,1964-06-07,61,26120550437
E00495,Gro,Amundsen,F,1963-07-31,62,02093640988
E00496,Wenche,Jørgensen,F,1988-04-16,37,09074405964
E00497,Roar,Olsen,M,1969-11-08,56,03088219057
E00498,Marit,Ellingsen,F,1970-01-14,55,12055940140
E00499,Jonas,Solheim,M,1989-03-27,36,29124103264
E00500,Britt,Knudsen,F,1967-05-11,58,22106619267
E00501,Elin,Aas,F,1968-10-20,57,19074410688
E00502,Kim,Martinsen,M,1994-08-30,31,28033708574
E00503,Tore,Berg,M,1961-06-18,64,05067717939
E00504,Bjørn,Hagen,M,1998-09-15,27,09035132497
E00505,Aud,Lunde,F,1998-01-16,27,05079210589
E00506,Øystein,Bakke,M,1998-07-09,27,02014700008
E00507,Alexander,Gulbrandsen,M,1962-08-05,63,27026511149
E00508,Roger,Sæther,M,2004-02-01,21,10116920234
E00509,Magne,Strand,M,1981-03-28,44,23028336462
E00510,Eivind,Lund,M,2005-04-14,20,04100264892
E00511,Arild,Johansen,M,1964-02-27,61,03106519586
E00512,Daniel,Moe,M,1990-07-19,35,07100686567
E00513,Trine,Paulsen,F,1975-12-22,50,11116537755
E00514,Øystein,Vik,M,1972-10-06,53,08104109064
E00515,Laila,Ahmed,F,1975-04-28,50,24115840157
E00516,Jorunn,Aasen,F,2004-03-12,21,22097306366
E00517,Pål,Fredriksen,M,1988-01-13,37,05056309480
E00518,Britt,Amundsen,F,1975-03-21,50,07116044549
E00519,Liv,Tangen,F,1965-03-30,60,19055540635
E00520,Berit,Nilsen,F,1998-02-08,27,23110192347
E00521,Hanne,Haugen,F,1977-03-23,48,22037944533
E00522,Janne,Kristensen,F,1977-12-21,48,11078612217
E00523,Åse,Tveit,F,1999-04-03,26,15099706241
E00524,Lise,Kristoffersen,F,1980-11-01,45,05017134428
E00525,Wenche,Ellingsen,F,1990-03-21,35,28107916115
E00526,Britt,Christensen,F,2006-02-24,19,10038009066
E00527,Tonje,Gulbrandsen,F,1983-09-04,42,07127143441
E00528,Jan,Danielsen,M,1961-07-31,64,15037135949
E00529,Hege,Bakken,F,1990-11-28,35,04059807086
E00530,Aud,Vik,F,1974-08-05,51,03109525420
E00531,Thomas,Pedersen,M,2003-05-03,22,11129904153
E00532,Bjørn,Eliassen,M,2003-06-05,22,13096707082
E00533,Morten,Andersen,M,1970-11-24,55,30125546737
E00534,Marie,Ahmed,F,1985-07-05,40,10034613341
E00535,Ida,Hansen,F,1989-10-25,36,23029439206
E00536,Siri,Haugen,F,1993-06-01,32,09077003107
E00537,Joakim,Jenssen,M,1968-10-21,57,14116941857
E00538,Hege,Pedersen,F,1996-06-17,29,04033624498
E00539,Marianne,Moen,F,1992-06-12,33,13087624573
E00540,Frode,Ahmed,M,1981-03-01,44,29115301495
E00541,Asbjørn,Larsen,M,1995-06-30,30,01067510034
E00542,Håvard,Ruud,M,1975-11-16,50,28078322251
E00543,Emma,Fredriksen,F,1999-10-15,26,14127837148
E00544,Tone,Solheim,F,1983-05-26,42,22075631808
E00545,Irene,Danielsen,F,1992-11-02,33,29010488255
E00546,Anita,Mathisen,F,1991-12-29,34,03060789338
E00547,Emil,Holm,M,1971-07-17,54,14067837240
E00548,Åse,Berge,F,1995-04-13,30,30097423691
E00549,Randi,Bakken,F,1982-05-15,43,29058008336
E00550,Tore,Knudsen,M,2002-12-20,23,10106344952
E00551,Kjell,Eriksen,M,2004-10-02,21,24085424404
E00552,Tore,Solberg,M,1979-07-05,46,22019646053
E00553,Thea,Nguyen,F,1986-02-11,39,30043811890
E00554,Jon,Olsen,M,1974-07-01,51,05025031212
E00555,Jorunn,Tangen,F,1964-10-04,61,17028620314
E00556,Stein,Aune,M,2005-01-22,20,22025028191
E00557,Jan,Ellingsen,M,1976-06-12,49,18044506064
E00558,Astrid,Jenssen,F,1989-04-15,36,04104110768
E00559,Olav,Jensen,M,1983-05-14,42,30065806750
E00560,Rune,Rønning,M,2006-03-24,19,31038728043
E00561,Andreas,Haugen,M,1960-10-31,65,21117806178
E00562,Julie,Dahl,F,1985-01-06,40,17019335097
E00563,Kenneth,Næss,M,2001-03-23,24,04036427235
E00564,Rita,Knudsen,F,1970-02-26,55,05090271204
E00565,Geir,Johnsen,M,2006-11-28,19,08105742585
E00566,John,Fredriksen,M,1965-12-29,60,11010386936
E00567,Ola,Brekke,M,1963-03-05,62,10027527057
E00568,Johan,Ruud,M,2002-01-01,23,20085312120
E00569,Anders,Ellingsen,M,1971-02-03,54,24035005753
E00570,Eirik,Haugland,M,1986-07-07,39,26036542577
E00571,Britt,Rasmussen,F,1996-06-29,29,18097223277
E00572,Lise,Amundsen,F,1977-05-20,48,12016816394
E00573,Jens,Myklebust,M,1963-08-30,62,03129305443
E00574,Robert,Johnsen,M,1999-08-06,26,26018724803
E00575,Lene,Mikkelsen,F,2006-03-22,19,18116430467
E00576,Dag,Johannessen,M,1961-10-30,64,09066207657
E00577,Fredrik,Dahl,M,1973-11-19,52,11039002630
E00578,Dag,Sivertsen,M,1989-02-03,36,14058938417
E00579,Janne,Strøm,F,1964-01-10,61,04099935710
E00580,Roger,Helland,M,1978-04-06,47,09116000978
E00581,Sebastian,Martinsen,M,1988-01-08,37,21059709353
E00582,Nina,Nilsen,F,1999-02-12,26,12063906822
E00583,Øyvind,Bakken,M,1978-12-07,47,06065926537
E00584,Kjersti,Rønning,F,1992-07-05,33,29025602364
E00585,Joakim,Johansen,M,1969-04-03,56,07015202704
E00586,Karl,Solberg,M,1975-08-20,50,22010367542
E00587,Alf,Holm,M,1980-02-02,45,02087931199
E00588,Henrik,Bøe,M,1979-11-30,46,04104020548
E00589,Tore,Jørgensen,M,2000-08-19,25,26074912647
E00590,Gro,Johnsen,F,1992-06-07,33,06053903922
E00591,Else,Andresen,F,1980-08-21,45,28104308920
E00592,Nina,Ahmed,F,1971-04-16,54,10039003223
E00593,Anne,Kristiansen,F,1962-11-27,63,25027517474
E00594,Morten,Lund,M,1986-06-24,39,23065043068
E00595,Håkon,Jakobsen,M,1992-09-22,33,10035411750
E00596,Randi,Moe,F,1983-04-08,42,06087616043
E00597,Johannes,Ahmed,M,1985-10-09,40,11010364223
E00598,Terje,Ellingsen,M,1977-10-11,48,09014932183
E00599,Øyvind,Tveit,M,2005-11-21,20,07090688116
E00600,Gunn,Gundersen,F,2000-11-11,25,29018016328
E00601,Malin,Hauge,F,2005-07-19,20,09106000988
E00602,Svein,Jakobsen,M,1997-09-03,28,28054919109
E00603,Marianne,Andresen,F,1982-05-08,43,05098217519
E00604,Stig,Sæther,M,2003-10-19,22,04098009839
E00605,Vilde,Fredriksen,F,1963-05-01,62,26085342567
E00606,Thomas,Bøe,M,1961-03-13,64,06094818506
E00607,Magne,Johansen,M,1985-11-20,40,21054112472
E00608,Torbjørn,Sæther,M,1974-08-06,51,28114542557
E00609,Ole,Hauge,M,1971-01-13,54,26064818073
E00610,Nils,Berntsen,M,1977-01-24,48,04064243492
E00611,Stig,Aune,M,1974-08-04,51,11087547495
E00612,Magne,Ødegård,M,1982-01-04,43,19027437535
E00613,Morten,Berg,M,1991-06-27,34,01090280275
E00614,Ole,Berg,M,2005-10-14,20,29037326133
E00615,Espen,Bøe,M,1973-02-04,52,27097636716
E00616,Erling,Haug,M,1971-09-27,54,07083731472
E00617,Sigrid,Danielsen,F,1980-10-16,45,23075000626
E00618,Ida,Ellingsen,F,1970-12-09,55,13105531006
E00619,Elisabeth,Olsen,F,1988-12-23,37,25085025778
E00620,Odd,Jenssen,M,1959-10-14,66,05020496470
E00621,Anette,Helland,F,1995-08-08,30,21059043002
E00622,Sigrid,Strøm,F,1976-05-25,49,08038706714
E00623,Mari,Nilsen,F,1980-04-18,45,01079218657
E00624,Tove,Martinsen,F,2000-01-18,25,17066022323
E00625,Frank,Johansen,M,1960-10-07,65,28128613023
E00626,Sebastian,Lund,M,1970-12-19,55,07069645172
E00627,Kåre,Pettersen,M,1976-11-14,49,16043803054
E00628,Lene,Knutsen,F,1985-05-05,40,24059630349
E00629,Grethe,Solberg,F,2006-02-17,19,07125019670
E00630,Svein,Bakken,M,2004-07-19,21,20106039985
E00631,Thea,Bøe,F,1987-12-19,38,26019818054
E00632,Einar,Lunde,M,1972-12-25,53,05115245610
E00633,Inger,Christensen,F,1962-02-23,63,22045813774
E00634,Karl,Fredriksen,M,1959-08-27,66,04050657871
E00635,Sofie,Lunde,F,1969-08-13,56,27059946051
E00636,Heidi,Rasmussen,F,1975-03-13,50,04076616723
E00637,Arne,Bakken,M,1971-05-10,54,11120373511
E00638,Linda,Svendsen,F,1967-05-09,58,17129800216
E00639,Siv,Rasmussen,F,1971-01-26,54,30127728972
E00640,Jens,Strøm,M,1965-10-16,60,19017411163
E00641,Kristin,Johansen,F,1990-07-14,35,04028344754
E00642,Magne,Rønning,M,1970-10-25,55,04059726892
E00643,Marianne,Myklebust,F,2005-08-18,20,04036839606
E00644,Åse,Iversen,F,2001-01-25,24,23110480679
E00645,Eirik,Johnsen,M,1989-06-15,36,11050366466
E00646,Alexander,Sørensen,M,2005-08-07,20,25056042442
E00647,Petter,Martinsen,M,2006-04-20,19,18084427256
E00648,Odd,Isaksen,M,2004-08-18,21,23104609953
E00649,Sindre,Andersen,M,1960-04-04,65,05104931210
E00650,Berit,Thomassen,F,1992-12-02,33,19097821472
E00651,Astrid,Lund,F,1974-08-15,51,04025825360
E00652,Dag,Kristiansen,M,1989-09-10,36,07083505707
E00653,Martin,Haug,M,1967-07-18,58,11116206678
E00654,Laila,Ali,F,1997-05-18,28,22035805803
E00655,Sara,Pettersen,F,1980-03-11,45,16116141616
E00656,Kenneth,Jacobsen,M,1963-02-28,62,26068721988
E00657,Øystein,Paulsen,M,2000-04-16,25,13016545737
E00658,Cecilie,Bakken,F,2004-04-21,21,03088740474
E00659,Mona,Martinsen,F,1984-11-28,41,29064402283
E00660,Marie,Bøe,F,1987-04-24,38,20119739390
E00661,Gerd,Berg,F,1986-03-15,39,21028812512
E00662,Einar,Thomassen,M,1987-09-02,38,24040392854
E00663,Mari,Bøe,F,1993-05-30,32,03020782209
E00664,Synnøve,Nielsen,F,1971-04-14,54,12124142820
E00665,Rita,Helland,F,1993-10-08,32,21127238313
E00666,Joakim,Johannessen,M,1982-10-18,43,02028108381
E00667,Laila,Nygård,F,2007-02-06,18,03054044991
E00668,Jon,Sæther,M,1997-02-19,28,24095012295
E00669,Sondre,Sæther,M,1979-03-29,46,19114543309
E00670,Tommy,Rønning,M,1971-07-26,54,11046245190
E00671,Vidar,Iversen,M,1997-09-23,28,21056418757
E00672,Alexander,Martinsen,M,1966-09-17,59,19030559161
E00673,Sverre,Andreassen,M,1973-01-25,52,13078318427
E00674,Eli,Andreassen,F,2006-06-17,19,11023713979
E00675,Anne,Iversen,F,1990-04-07,35,15049847804
E00676,Kjersti,Fredriksen,F,1994-03-27,31,12023724764
E00677,Lene,Ødegård,F,2006-02-02,19,07067900493
E00678,Gunnar,Paulsen,M,1989-08-13,36,01048748984
E00679,Mette,Svendsen,F,2000-07-11,25,09118918646
E00680,Emma,Sivertsen,F,1964-07-13,61,16099047856
E00681,Elin,Jensen,F,1962-03-25,63,14016935515
E00682,Elisabeth,Christensen,F,1999-03-17,26,08088421699
E00683,Tone,Brekke,F,1962-03-08,63,10099338100
E00684,Åse,Pedersen,F,2001-05-11,24,07024831986
E00685,Mona,Iversen,F,1964-06-04,61,21023711939
E00686,Bjørn,Ødegård,M,1993-11-03,32,08039334918
E00687,Lars,Aune,M,1983-03-30,42,21088742459
E00688,Karl,Jacobsen,M,1979-06-11,46,19118707586
E00689,Martin,Fredriksen,M,2003-03-04,22,04065202404
E00690,Kirsten,Berge,F,1985-09-21,40,18068423933
E00691,Marit,Kristensen,F,1992-08-04,33,20070391318
E00692,Jørgen,Madsen,M,1965-01-25,60,15119834853
E00693,Adrian,Pedersen,M,1963-12-03,62,28078843650
E00694,Einar,Ellingsen,M,1996-01-22,29,08064441117
E00695,Turid,Sivertsen,F,1969-12-05,56,08050552153
E00696,Berit,Andersen,F,1971-07-31,54,25033635144
E00697,Rune,Evensen,M,1977-01-24,48,29117028745
E00698,Line,Haug,F,1960-08-12,65,15077234036
E00699,Stian,Strand,M,2001-07-18,24,22100194086
E00700,Karin,Lund,F,1966-09-09,59,24068138198
E00701,Ingeborg,Thorsen,F,1989-04-01,36,06047342188
E00702,Maren,Christensen,F,1995-10-08,30,04108747671
E00703,Robert,Haugen,M,2002-08-12,23,22079400916
E00704,Monica,Birkeland,F,1967-11-08,58,26090386831
E00705,Kristine,Mikkelsen,F,1996-09-21,29,05119913731
E00706,Siri,Madsen,F,1969-02-27,56,15019314895
E00707,Heidi,Eide,F,1967-04-07,58,19039104493
E00708,Sverre,Andresen,M,1976-07-10,49,03099822227
E00709,Sverre,Rønning,M,1975-06-05,50,04079839146
E00710,Geir,Haug,M,1992-07-12,33,20016744949
E00711,Ellen,Myklebust,F,1998-01-15,27,13107427354
E00712,Adrian,Haug,M,1976-03-20,49,30123645665
E00713,Joakim,Jacobsen,M,1968-08-09,57,07074630787
E00714,Martin,Iversen,M,1980-04-02,45,17106311870
E00715,Dag,Hansen,M,1968-12-28,57,28025946008
E00716,Alf,Lund,M,2002-06-13,23,06090487351
E00717,Andreas,Moe,M,1977-03-14,48,22095841388
E00718,Kari,Johannessen,F,1974-08-30,51,18033808786
E00719,Mari,Madsen,F,1965-08-17,60,20117132189
E00720,Svein,Fredriksen,M,2001-04-01,24,07024648804
E00721,Erik,Kristensen,M,1970-04-20,55,30059147672
E00722,Kjell,Amundsen,M,1974-05-10,51,03033916530
E00723,Hanna,Amundsen,F,2004-12-17,21,06128829111
E00724,Ann,Rønning,F,1981-07-08,44,22039847535
E00725,Ragnhild,Moen,F,1998-04-07,27,20119141738
E00726,Kari,Nilsen,F,2003-12-04,22,01070074393
E00727,Petter,Johansen,M,1983-06-25,42,11077600991
E00728,Elise,Knutsen,F,1970-09-26,55,06118632417
E00729,Gro,Brekke,F,1972-03-08,53,13059338158
E00730,Svein,Evensen,M,1987-09-06,38,09117730678
E00731,Odd,Ellingsen,M,1999-09-02,26,06019302375
E00732,Rune,Nilsen,M,1970-06-06,55,25059536209
E00733,Aud,Dahl,F,1977-01-15,48,01059138924
E00734,Stein,Abrahamsen,M,2004-06-30,21,19018213675
E00735,Simen,Larsen,M,1992-03-29,33,06039226896
E00736,Eli,Nielsen,F,1971-11-04,54,28075110504
E00737,Mathias,Næss,M,1999-08-28,26,22040174668
E00738,Emil,Bakke,M,1960-08-04,65,30048906342
E00739,Nils,Olsen,M,2000-04-13,25,24120355666
E00740,Svein,Berntsen,M,2000-07-13,25,06025943617
E00741,Petter,Jørgensen,M,1984-09-01,41,02080364736
E00742,Wenche,Jensen,F,1983-04-27,42,21085416607
E00743,Wenche,Evensen,F,1965-03-03,60,25018216313
E00744,Adrian,Sørensen,M,1959-12-13,66,18085533084
E00745,Kåre,Rønning,M,1973-06-11,52,12104526568
E00746,Einar,Brekke,M,1988-06-17,37,10014916976
E00747,Magnus,Myklebust,M,1984-05-07,41,02085243775
E00748,Vegard,Ellingsen,M,1987-08-02,38,13125711507
E00749,Monica,Myhre,F,1992-05-20,33,18098436509
E00750,Øyvind,Sørensen,M,1986-07-23,39,21064142027
E00751,Turid,Evensen,F,1989-11-09,36,24033706274
E00752,Per,Johansen,M,1982-06-30,43,20083540002
E00753,Daniel,Birkeland,M,1991-07-25,34,19085305185
E00754,Jan,Eriksen,M,1984-09-13,41,20040096605
E00755,Kristin,Olsen,F,2004-02-13,21,27096045951
E00756,Asbjørn,Vik,M,1971-05-24,54,14015012960
E00757,Ingeborg,Eide,F,1961-10-02,64,24023739239
E00758,Terje,Ali,M,1983-12-12,42,07018610048
E00759,Joakim,Vik,M,1986-08-24,39,20107525913
E00760,Grete,Martinsen,F,1960-07-05,65,15054105875
E00761,Ingeborg,Strand,F,1997-07-06,28,09035522589
E00762,Helge,Nygård,M,1972-09-13,53,07096636150
E00763,Jan,Danielsen,M,1987-03-04,38,24016235055
E00764,Ole,Haugen,M,1982-08-07,43,25129634963
E00765,Heidi,Solberg,F,1989-08-06,36,26087315591
E00766,Åse,Kristiansen,F,2005-11-06,20,24026630041
E00767,Jan,Andresen,M,1985-07-04,40,20085020634
E00768,Karin,Martinsen,F,1995-12-01,30,11080665514
E00769,Daniel,Johansen,M,2005-04-23,20,21044004914
E00770,Fredrik,Larsen,M,1980-10-28,45,07107536439
E00771,Frode,Tangen,M,2005-12-13,20,03069047393
E00772,Hanne,Svendsen,F,1975-12-09,50,03098314252
E00773,Hege,Paulsen,F,1983-09-11,42,27069307030
E00774,Solveig,Ruud,F,1992-12-28,33,31055248837
E00775,Ann,Lien,F,1984-09-22,41,19105131995
E00776,Joakim,Lie,M,1971-11-29,54,01123825345
E00777,Unni,Nguyen,F,1968-03-11,57,16080280908
E00778,Andreas,Lund,M,1983-02-05,42,28027229079
E00779,Thea,Martinsen,F,1990-10-10,35,01037900237
E00780,Kirsten,Nielsen,F,1966-04-28,59,15047839553
E00781,Eva,Moe,F,1977-05-09,48,17038630962
E00782,Kenneth,Jacobsen,M,1971-12-25,54,26096213793
E00783,Thea,Thomassen,F,1984-10-19,41,24097411936
E00784,Elisabeth,Nguyen,F,2006-02-23,19,23128646426
E00785,Håkon,Myhre,M,1988-11-16,37,24047311612
E00786,Olav,Bøe,M,2002-05-19,23,05026131504
E00787,Ivar,Myhre,M,1998-02-08,27,15030356389
E00788,Asbjørn,Engen,M,1976-10-08,49,23096428405
E00789,Jan,Jacobsen,M,1983-12-26,42,18035722129
E00790,Leif,Berg,M,1983-05-11,42,07074636890
E00791,Sissel,Rønning,F,1996-02-08,29,28109143903
E00792,Ola,Vik,M,1989-11-17,36,12060089505
E00793,Malin,Pedersen,F,1969-04-28,56,12069226971
E00794,Rune,Johansen,M,1964-04-27,61,20050071279
E00795,Janne,Haug,F,2003-11-26,22,05058138780
E00796,Hilde,Knutsen,F,1984-03-06,41,20054026316
E00797,Eva,Abrahamsen,F,1967-12-22,58,11034242420
E00798,Trond,Solheim,M,1964-11-30,61,03088825003
E00799,Egil,Andresen,M,1991-09-01,34,12045801649
E00800,Pål,Thorsen,M,1965-02-17,60,27029839307
E00801,Dag,Rønning,M,1985-12-29,40,23097928266
E00802,Elisabeth,Mathisen,F,1971-01-28,54,01120492450
E00803,Jørgen,Larsen,M,1991-04-05,34,26125835715
E00804,Erik,Solheim,M,1996-03-01,29,07089140948
E00805,Marius,Mathisen,M,2003-01-01,22,08025022727
E00806,Mette,Evensen,F,1965-07-23,60,04116723749
E00807,Jan,Brekke,M,1980-02-15,45,15070683242
E00808,Kim,Hanssen,M,1991-05-24,34,23065944677
E00809,Vegard,Lien,M,1979-11-08,46,30080668917
E00810,Henrik,Aasen,M,1996-10-08,29,17127326819
E00811,Marius,Johannessen,M,1976-06-21,49,31109224386
E00812,Jan,Arnesen,M,1988-03-13,37,20055133876
E00813,Thor,Sivertsen,M,1977-12-19,48,10128126347
E00814,Bente,Edvardsen,F,1968-10-05,57,02078139628
E00815,Hilde,Solheim,F,2001-11-04,24,06056320022
E00816,Espen,Andersen,M,1995-11-14,30,30060556438
E00817,Hilde,Berntsen,F,1989-04-19,36,02044214078
E00818,Espen,Aas,M,1993-01-19,32,31128731590
E00819,Malin,Solheim,F,1961-08-16,64,08117748201
E00820,Asbjørn,Halvorsen,M,1986-03-03,39,28010161330
E00821,Ivar,Jensen,M,1960-04-28,65,16079624628
E00822,Håvard,Svendsen,M,1961-09-29,64,12088947183
E00823,Petter,Sandvik,M,1973-08-25,52,23016543535
E00824,Jenny,Christensen,F,2002-04-12,23,24024233088
E00825,Ivar,Lien,M,2002-12-01,23,03098023045
E00826,Sofie,Engen,F,1967-02-24,58,24048610567
E00827,Ragnhild,Berg,F,1986-05-26,39,07093600074
E00828,Sander,Ødegård,M,2006-06-21,19,04116431071
E00829,Stine,Paulsen,F,1982-06-30,43,04053941228
E00830,Tobias,Mikkelsen,M,1966-10-10,59,11039614539
E00831,Monica,Ødegård,F,2003-05-02,22,06083922387
E00832,Ivar,Amundsen,M,1992-06-28,33,02024435515
E00833,Mette,Solheim,F,1992-10-25,33,16069034423
E00834,Jenny,Strøm,F,1991-05-05,34,13108204863
E00835,Espen,Kristensen,M,1979-08-02,46,09118329144
E00836,Åse,Pettersen,F,1993-11-23,32,23067301862
E00837,Kari,Vik,F,2001-09-02,24,22018646106
E00838,Svein,Mikkelsen,M,1985-11-01,40,13069035390
E00839,Sindre,Hanssen,M,1981-06-02,44,19097033156
E00840,Arild,Berntsen,M,1971-08-16,54,04090456682
E00841,Geir,Bakken,M,1961-08-18,64,03045642762
E00842,Martine,Paulsen,F,2007-03-11,18,11075403536
E00843,Helge,Nygård,M,1964-04-15,61,23040691650
E00844,Dag,Kristoffersen,M,2002-12-11,23,13010285776
E00845,Knut,Sørensen,M,1963-06-08,62,19025246120
E00846,John,Antonsen,M,1974-02-27,51,16116006298
E00847,May,Jenssen,F,1972-05-11,53,26029036283
E00848,Monica,Tangen,F,1997-06-12,28,27037040881
E00849,Karin,Simonsen,F,1990-09-06,35,14064411900
E00850,Lars,Lund,M,1982-06-07,43,28064834802
E00851,Linn,Iversen,F,1980-11-29,45,17025823761
E00852,Vilde,Pettersen,F,1988-10-07,37,12054238329
E00853,Roy,Moen,M,1974-01-09,51,31107323719
E00854,Lise,Johannessen,F,1959-06-24,66,28044218803
E00855,Anita,Martinsen,F,1968-08-28,57,27058013434
E00856,Alf,Tveit,M,2006-05-27,19,22098206020
E00857,Liv,Iversen,F,1970-02-02,55,24019523957
E00858,Håvard,Evensen,M,1976-11-25,49,16078036668
E00859,Nina,Engen,F,1964-09-19,61,26074230392
E00860,Maria,Solberg,F,2007-04-18,18,15105538496
E00861,Andreas,Strøm,M,1998-09-06,27,02047303489
E00862,Karen,Knudsen,F,1987-10-23,38,01099647805
E00863,Alexander,Pettersen,M,2002-06-27,23,02037319808
E00864,Arild,Haug,M,1996-03-17,29,19105620880
E00865,Tobias,Eriksen,M,1969-11-21,56,13120286921
E00866,Daniel,Eriksen,M,1988-11-09,37,26068109395
E00867,Julie,Arnesen,F,1991-11-06,34,20035616064
E00868,Kristin,Lund,F,1989-01-12,36,22013830898
E00869,Gunnar,Lie,M,1986-05-14,39,19124835804
E00870,Trine,Mathisen,F,1976-03-22,49,28098517601
E00871,Jenny,Sivertsen,F,1998-08-31,27,12069942669
E00872,Linda,Jacobsen,F,1983-03-03,42,24059022977
E00873,Sissel,Ahmed,F,1980-03-17,45,18049239773
E00874,Sondre,Birkeland,M,1989-06-09,36,16060359001
E00875,Cecilie,Svendsen,F,1963-03-06,62,04098518083
E00876,Kenneth,Solberg,M,1967-01-14,58,09028030107
E00877,Jorunn,Ellingsen,F,1996-01-29,29,22068848451
E00878,Mona,Lien,F,2001-11-11,24,30124144058
E00879,Kåre,Nielsen,M,2004-08-14,21,21036016288
E00880,Asbjørn,Hanssen,M,1973-02-14,52,05093603739
E00881,Stig,Aas,M,1963-12-31,62,12087242585
E00882,Einar,Abrahamsen,M,1979-05-16,46,22034914722
E00883,Marit,Sørensen,F,1966-03-30,59,08037938999
E00884,Daniel,Edvardsen,M,1972-12-31,53,26076235154
E00885,Arild,Gulbrandsen,M,1995-06-29,30,16028031711
E00886,Turid,Christensen,F,1960-09-18,65,15057622560
E00887,Hanne,Lund,F,1978-03-28,47,02120185511
E00888,Helge,Brekke,M,1982-09-22,43,28037205607
E00889,Petter,Simonsen,M,2001-02-21,24,13055126210
E00890,Rune,Brekke,M,1988-06-26,37,16067908388
E00891,Stig,Bøe,M,1999-01-02,26,30115808407
E00892,Thor,Sørensen,M,1995-02-10,30,08059509919
E00893,Finn,Haug,M,1964-01-30,61,25065711497
E00894,Erling,Strøm,M,1961-06-21,64,24103847512
E00895,Ellen,Vik,F,1972-04-03,53,26119748827
E00896,Sindre,Halvorsen,M,2000-09-04,25,11085638280
E00897,Henrik,Sivertsen,M,1961-03-29,64,02047544699
E00898,Elise,Lund,F,2000-08-13,25,05066511784
E00899,Maria,Larsen,F,1968-10-27,57,15109214075
E00900,Leif,Thorsen,M,1960-06-27,65,10048314347
E00901,Vegard,Ellingsen,M,1963-12-19,62,06089139773
E00902,Thor,Helland,M,1990-08-08,35,05058538754
E00903,Torbjørn,Haug,M,1986-04-15,39,15085233014
E00904,Lise,Kristiansen,F,1962-05-09,63,09068547102
E00905,Rolf,Jenssen,M,1994-08-03,31,02113812446
E00906,Markus,Johannessen,M,1980-03-10,45,27013829395
E00907,Linda,Haugen,F,2001-03-10,24,03080279603
E00908,Britt,Strand,F,1993-07-14,32,30049737897
E00909,Erik,Johannessen,M,1987-08-11,38,18067801357
E00910,Mathias,Nilsen,M,1973-03-17,52,09096616446
E00911,Synnøve,Rønning,F,1970-08-17,55,13014305011
E00912,Tommy,Kristensen,M,2002-08-12,23,03127433657
E00913,Tove,Madsen,F,2001-02-12,24,19029335721
E00914,Ann,Tveit,F,1971-02-04,54,30057710221
E00915,Fredrik,Tveit,M,1962-12-16,63,03116919701
E00916,Ingeborg,Pedersen,F,1971-10-06,54,07129612015
E00917,Sara,Thorsen,F,1976-09-09,49,21050681790
E00918,Mette,Aasen,F,2000-11-02,25,19036313881
E00919,Svein,Larsen,M,1990-05-05,35,08097005916
E00920,Sigurd,Aasen,M,1976-02-13,49,18055839928
E00921,Grethe,Andersen,F,1972-01-17,53,07039441491
E00922,Andreas,Birkeland,M,1961-09-03,64,23084721190
E00923,Astrid,Bakke,F,1987-11-03,38,29069139823
E00924,Nora,Ødegård,F,1997-09-20,28,26079147949
E00925,Kjetil,Ali,M,1965-10-20,60,15073820569
E00926,Kåre,Andresen,M,1988-07-18,37,05025818646
E00927,Erik,Berg,M,2006-09-25,19,11118233737
E00928,Martine,Ellingsen,F,2006-10-25,19,22098806893
E00929,Tove,Pedersen,F,1995-06-18,30,14089946981
E00930,Tone,Hanssen,F,1988-07-11,37,10115216916
E00931,Rune,Paulsen,M,1983-07-19,42,05119533793
E00932,Olav,Edvardsen,M,2000-12-07,25,09088612148
E00933,Elin,Ahmed,F,1991-02-06,34,15055139641
E00934,Leif,Amundsen,M,1982-03-07,43,11027600265
E00935,Thor,Hanssen,M,1976-10-11,49,03083619413
E00936,Ole,Moe,M,1981-07-05,44,01093821668
E00937,Torbjørn,Myklebust,M,2001-05-20,24,13110462411
E00938,Julie,Simonsen,F,1992-01-26,33,29116441223
E00939,Odd,Brekke,M,2002-02-23,23,27026629751
E00940,Turid,Andreassen,F,1994-12-04,31,17088035984
E00941,Anita,Ellingsen,F,1998-10-04,27,25124522180
E00942,Ellen,Hansen,F,1961-08-02,64,20017740955
E00943,Frank,Nguyen,M,2000-09-06,25,13077248476
E00944,Tommy,Haug,M,1961-08-14,64,15028305769
E00945,Hanne,Jakobsen,F,1990-03-21,35,01058011033
E00946,Knut,Ødegård,M,1962-01-04,63,14093705611
E00947,Mari,Ahmed,F,1992-04-23,33,15086212495
E00948,Odd,Strøm,M,1995-02-05,30,22087909186
E00949,Marte,Simonsen,F,1968-06-30,57,27018945865
E00950,Eirik,Aasen,M,1980-08-17,45,14070371600
E00951,Arild,Bakke,M,1994-11-22,31,29093848525
E00952,Stein,Ellingsen,M,1981-04-20,44,28068934402
E00953,Øystein,Knutsen,M,2005-02-18,20,04129609376
E00954,Joakim,Berge,M,1960-07-03,65,06085113893
E00955,Karen,Moe,F,1981-02-19,44,02038345489
E00956,Nora,Gulbrandsen,F,1971-02-14,54,02020189595
E00957,Robert,Knutsen,M,1962-12-01,63,24109530073
E00958,Cathrine,Jenssen,F,1963-02-16,62,04109925352
E00959,Tommy,Næss,M,1999-10-21,26,04015139590
E00960,Irene,Henriksen,F,1972-12-12,53,11074305689
E00961,Camilla,Kristiansen,F,1980-08-02,45,28014630394
E00962,Helge,Birkeland,M,2001-06-13,24,01058425334
E00963,Tobias,Sandvik,M,1981-12-11,44,19093629704
E00964,Anders,Andresen,M,1991-10-24,34,09059730727
E00965,Emilie,Hanssen,F,1983-03-10,42,03045332070
E00966,Kristin,Sæther,F,1966-09-30,59,31037819886
E00967,Malin,Johansen,F,1999-08-26,26,23057039256
E00968,Mona,Christensen,F,1992-04-16,33,18017321257
E00969,Thor,Nilsen,M,1988-10-21,37,12023736576
E00970,Robert,Solberg,M,1975-07-15,50,15129147846
E00971,Maria,Berge,F,1999-10-06,26,02015420947
E00972,Camilla,Knutsen,F,1971-06-15,54,06117904979
E00973,Cathrine,Sivertsen,F,2000-01-19,25,13043820782
E00974,Siri,Ruud,F,1963-08-26,62,12059908802
E00975,Vegard,Pettersen,M,1959-06-24,66,25073942244
E00976,Martin,Mikkelsen,M,1979-04-21,46,30067212319
E00977,Thomas,Haug,M,1979-11-11,46,27045627530
E00978,Daniel,Nielsen,M,1960-01-07,65,15085208508
E00979,Aud,Jakobsen,F,1996-10-25,29,19090295864
E00980,Kjell,Berge,M,1978-09-02,47,07090477832
E00981,Kristine,Pedersen,F,1981-02-11,44,17084327972
E00982,Harald,Ruud,M,1971-04-08,54,17116412837
E00983,Kristian,Jacobsen,M,1987-11-10,38,22089342361
E00984,Erik,Aas,M,1964-05-07,61,24044909614
E00985,Siv,Knudsen,F,1968-09-14,57,20119929874
E00986,Magnus,Paulsen,M,1971-09-13,54,19096614325
E00987,Linda,Nygård,F,1959-12-21,66,20085546334
E00988,Tom,Lund,M,1977-10-15,48,16087002105
E00989,Roy,Lien,M,2007-06-07,18,01067437612
E00990,Synnøve,Arnesen,F,1969-02-18,56,22124129935
E00991,Dag,Martinsen,M,2000-12-24,25,19079930043
E00992,Stine,Pettersen,F,1996-02-27,29,18113500758
E00993,Mathias,Madsen,M,1991-05-25,34,28125526561
E00994,Johan,Haugen,M,1970-11-12,55,24040496978
E00995,Helene,Andreassen,F,2002-04-16,23,12016536014
E00996,Svein,Haugen,M,2001-12-13,24,12010581182
E00997,Emil,Lund,M,1964-09-11,61,02033739551
E00998,Ida,Gundersen,F,1960-06-07,65,18124037243
E00999,Siv,Kristensen,F,1984-08-17,41,30099144323
E01000,Ola,Edvardsen,M,1995-05-10,30,06070455372
